ImageId,EncodedPixels
0114f484a16c152baa2d82fdd43740880a762c93f436c8988ac461c5c9dbe7d5,45362 5 45616 9 45871 10 46126 11 46382 10 46638 9 46895 7
0114f484a16c152baa2d82fdd43740880a762c93f436c8988ac461c5c9dbe7d5,50792 5 51047 7 51301 10 51557 10 51812 11 52067 12 52323 11 52579 11 52836 9 53092 8 53350 4
0114f484a16c152baa2d82fdd43740880a762c93f436c8988ac461c5c9dbe7d5,11405 4 11659 7 11914 8 12169 9 12424 10 12680 9 12935 10 13191 9 13447 8 13703 7 13960 4
0114f484a16c152baa2d82fdd43740880a762c93f436c8988ac461c5c9dbe7d5,32145 2 32399 7 32654 9 32909 11 33163 13 33419 12 33674 13 33930 11 34186 10 34442 8 34699 6 34957 2
0114f484a16c152baa2d82fdd43740880a762c93f436c8988ac461c5c9dbe7d5,51354 3 51608 6 51863 7 52118 8 52373 8 52628 9 52884 8 53139 8 53395 7 53650 7 53906 6 54163 4
0114f484a16c152baa2d82fdd43740880a762c93f436c8988ac461c5c9dbe7d5,39077 3 39331 6 39585 8 39840 9 40095 10 40351 9 40607 9 40863 9 41119 8 41376 6 41633 4
0999dab07b11bc85fb8464fc36c947fbd8b5d6ec49817361cb780659ca805eac,24578 2 24834 2 25090 3 25346 3 25602 3 25858 4 26114 5 26120 2 26370 8 26626 9 26882 9 27138 9 27394 9 27650 9 27906 9 28162 11 28418 12 28674 12 28930 13 29186 13 29442 13 29698 13 29954 13 30210 13 30466 13 30722 13 30978 13 31234 13 31490 13 31746 13 32002 14 32258 14 32514 14 32770 14 33027 13 33283 13 33539 13 33795 14 34051 14 34307 14 34563 15 34819 15 35075 16 35331 16 35587 16 35843 17 36099 17 36355 18 36611 18 36867 19 37123 19 37379 20 37635 20 37891 22 38147 23 38403 25 38659 26 38915 27 39171 28 39427 28 39683 28 39939 29 40195 29 40452 28 40708 28 40964 28 41220 28 41476 28 41732 28 41989 27 42245 27 42501 27 42757 27 43014 26 43270 26 43526 26 43782 26 44039 25 44295 25 44551 25 44808 24 45064 24 45320 24 45577 23 45833 23 46089 23 46346 22 46602 23 46858 23 47115 23 47371 23 47628 23 47884 23 48140 24 48396 25 48652 25 48908 25 49165 25 49421 25 49677 25 49933 26 50189 26 50445 26 50702 26 50958 26 51214 27 51471 26 51727 26 51983 27 52240 26 52497 25 52753 26 53010 25 53267 24 53524 24 53781 23 54038 23 54294 23 54551 22 54807 23 55064 23 55320 23 55577 23 55833 23 56090 23 56346 24 56603 23 56859 24 57115 24 57372 24 57628 24 57884 25 58141 24 58397 24 58653 24 58910 24 59166 24 59422 24 59679 23 59935 24 60191 24 60448 23 60704 24 60960 24 61217 23 61473 24 61729 24 61986 23 62242 24 62499 23 62755 24 63011 25 63268 26 63300 2 63525 26 63554 5 63781 34 64037 35 64293 35 64550 34 64807 33 65066 27
0999dab07b11bc85fb8464fc36c947fbd8b5d6ec49817361cb780659ca805eac,60163 1 60419 1 60674 2 60930 2 61186 2 61442 2 61698 3 61954 3 62210 3 62466 3 62722 3 62978 3 63234 3 63490 3 63746 3 64002 3 64259 1
0999dab07b11bc85fb8464fc36c947fbd8b5d6ec49817361cb780659ca805eac,12813 2 13067 5 13322 7 13577 8 13833 9 14088 10 14344 10 14599 11 14855 11 15111 11 15367 11 15622 12 15878 12 16134 11 16390 11 16646 11 16902 10 17159 9 17415 9 17671 8 17927 8 18183 7 18440 5 18696 3
0999dab07b11bc85fb8464fc36c947fbd8b5d6ec49817361cb780659ca805eac,60432 2 60688 3 60944 3 61200 3 61456 4 61712 4 61968 4 62224 4 62480 4 62736 4 62991 6 63247 6 63503 6 63759 6 64015 6 64272 5 64528 4 64785 2
0999dab07b11bc85fb8464fc36c947fbd8b5d6ec49817361cb780659ca805eac,3866 2 4121 4 4376 5 4632 6 4888 6 5143 7 5399 7 5655 8 5911 8 6167 8 6423 8 6679 9 6935 9 7191 9 7447 8 7703 8 7959 8 8215 8 8471 8 8727 7 8983 7 9239 7 9495 7 9751 7 10007 6 10263 6 10520 5 10776 4 11033 2
0999dab07b11bc85fb8464fc36c947fbd8b5d6ec49817361cb780659ca805eac,14623 4 14878 7 15133 8 15389 8 15644 10 15900 10 16156 10 16412 10 16667 10 16923 10 17179 10 17435 9 17691 9 17947 9 18203 8 18459 8 18715 7 18970 8 19226 7 19482 7 19739 5 19995 4
0999dab07b11bc85fb8464fc36c947fbd8b5d6ec49817361cb780659ca805eac,23590 5 23845 7 24100 8 24356 9 24612 9 24867 10 25123 10 25379 10 25635 10 25891 10 26147 9 26404 8 26660 7 26918 4
0999dab07b11bc85fb8464fc36c947fbd8b5d6ec49817361cb780659ca805eac,5927 1 6183 2 6438 3 6694 3 6950 4 7207 3 7463 3 7719 4 7975 4 8231 4 8488 3 8744 3 9000 3 9256 4 9512 4 9768 4 10025 3 10281 3 10537 3 10793 3 11049 2
0999dab07b11bc85fb8464fc36c947fbd8b5d6ec49817361cb780659ca805eac,32301 4 32557 5 32812 6 33068 7 33323 8 33579 8 33835 8 34091 8 34347 8 34603 9 34858 10 35114 10 35370 10 35626 10 35882 10 36139 9 36395 9 36651 9 36907 9 37163 8 37419 8 37676 7 37932 7 38188 7 38444 6 38700 6 38957 5 39213 4 39470 3
0999dab07b11bc85fb8464fc36c947fbd8b5d6ec49817361cb780659ca805eac,555 3 811 2
0999dab07b11bc85fb8464fc36c947fbd8b5d6ec49817361cb780659ca805eac,25412 3 25667 5 25922 6 26178 7 26433 8 26689 8 26944 9 27200 9 27456 9 27711 10 27967 10 28223 10 28479 10 28735 9 28990 10 29246 10 29502 9 29758 9 30014 9 30270 9 30526 8 30783 7 31039 7 31295 6 31551 6 31807 6 32063 5 32320 3
0999dab07b11bc85fb8464fc36c947fbd8b5d6ec49817361cb780659ca805eac,47168 2 47423 4 47678 5 47934 5 48190 6 48446 6 48702 6 48958 6 49214 6 49470 7 49726 7 49982 7 50239 6 50495 6 50751 7 51007 7 51264 6 51520 6 51776 6 52033 4 52290 3
0999dab07b11bc85fb8464fc36c947fbd8b5d6ec49817361cb780659ca805eac,321 7 575 11 831 11 1088 11 1344 11 1600 11 1856 11 2113 10 2369 9 2626 8 2883 6 3139 6 3396 5 3653 3
0999dab07b11bc85fb8464fc36c947fbd8b5d6ec49817361cb780659ca805eac,13120 1 13375 3 13631 4 13887 4 14143 4 14399 4 14655 5 14911 5 15167 5 15423 5 15679 6 15936 5 16192 5 16448 5 16704 5 16960 6 17217 5 17473 5 17730 3 17987 2
0999dab07b11bc85fb8464fc36c947fbd8b5d6ec49817361cb780659ca805eac,56648 5 56903 8 57158 9 57413 11 57669 12 57925 12 58181 12 58437 13 58693 13 58949 13 59205 13 59461 12 59718 11 59974 10 60231 8 60489 5
0999dab07b11bc85fb8464fc36c947fbd8b5d6ec49817361cb780659ca805eac,12364 2 12620 3 12876 3 13132 3 13388 4 13644 4 13900 4 14156 4 14412 4 14668 4 14924 5 15180 5 15436 5 15693 4 15949 3 16206 2
0999dab07b11bc85fb8464fc36c947fbd8b5d6ec49817361cb780659ca805eac,41052 1 41306 4 41562 5 41817 6 42073 6 42329 6 42585 6 42841 6 43097 7 43353 6 43609 6 43865 6 44121 6 44377 6 44634 5 44890 4 45146 3 45401 2 45650 8 45904 10 46159 11 46415 11 46670 12 46926 12 47182 11 47438 11 47694 11 47950 11 48206 11 48463 10 48719 10 48975 10 49231 10 49488 9 49744 9 50001 7 50257 7 50514 5 50771 3
0999dab07b11bc85fb8464fc36c947fbd8b5d6ec49817361cb780659ca805eac,342 1 596 6 852 7 1108 7 1364 7 1621 6 1877 6 2133 6 2390 5 2647 3 2903 4 3160 3 3416 3 3672 3 3928 3 4184 3 4441 2 4698 1
0999dab07b11bc85fb8464fc36c947fbd8b5d6ec49817361cb780659ca805eac,29275 3 29530 5 29785 7 30041 7 30296 8 30552 9 30808 9 31064 9 31320 9 31576 8 31832 8 32088 8 32344 7 32600 7 32856 6 33113 4
0999dab07b11bc85fb8464fc36c947fbd8b5d6ec49817361cb780659ca805eac,45417 2 45672 4 45927 6 46183 7 46439 7 46694 8 46950 9 47206 9 47462 9 47718 10 47974 10 48230 10 48486 10 48742 10 48999 9 49255 10 49511 10 49767 10 50023 10 50280 9 50536 9 50792 9 51049 7 51305 7 51562 6 51819 4
0999dab07b11bc85fb8464fc36c947fbd8b5d6ec49817361cb780659ca805eac,18798 1 19053 3 19308 5 19564 5 19820 6 20075 7 20331 7 20587 7 20843 7 21098 8 21354 8 21610 7 21866 7 22122 7 22378 6 22635 5 22891 4
0999dab07b11bc85fb8464fc36c947fbd8b5d6ec49817361cb780659ca805eac,32365 2 32620 4 32876 5 33132 5 33387 6 33643 6 33899 7 34155 7 34411 7 34666 8 34922 8 35178 8 35434 8 35690 8 35946 8 36202 8 36458 8 36714 8 36970 8 37226 8 37482 8 37738 8 37994 8 38250 8 38506 8 38762 8 39018 8 39274 8 39531 6 39787 6 40043 6 40299 6 40555 5 40812 3 41069 1
0999dab07b11bc85fb8464fc36c947fbd8b5d6ec49817361cb780659ca805eac,372 6 625 12 880 13 1136 13 1393 12 1649 12 1905 12 2162 11 2418 11 2676 8 2932 8 3188 8 3444 8 3701 7 3957 7 4213 7 4469 6 4725 6 4981 6 5237 6 5493 6 5749 5 6005 5 6262 3
0999dab07b11bc85fb8464fc36c947fbd8b5d6ec49817361cb780659ca805eac,57725 4 57980 5 58236 6 58491 7 58747 7 59002 8 59258 8 59513 9 59769 9 60024 10 60280 10 60536 10 60791 11 61047 11 61302 12 61558 12 61814 12 62070 13 62326 15 62582 17 62838 18 63094 20 63350 20 63606 21 63862 21 64119 21 64376 20 64635 17 64894 13 65153 8
0999dab07b11bc85fb8464fc36c947fbd8b5d6ec49817361cb780659ca805eac,15227 1 15482 3 15738 4 15994 5 16250 5 16506 6 16762 6 17018 6 17274 7 17530 7 17787 6 18043 6 18299 6 18555 6 18811 6 19068 5 19324 5 19580 4 19837 2
0999dab07b11bc85fb8464fc36c947fbd8b5d6ec49817361cb780659ca805eac,42877 3 43132 5 43388 6 43644 6 43899 8 44155 8 44411 8 44667 9 44923 9 45180 8 45436 8 45692 8 45948 8 46205 7 46461 7 46718 5 46974 5 47232 1
0999dab07b11bc85fb8464fc36c947fbd8b5d6ec49817361cb780659ca805eac,27012 4 27267 7 27522 9 27777 10 28033 11 28289 11 28544 13 28800 13 29056 14 29312 14 29568 14 29824 14 30080 14 30337 13 30593 13 30849 13 31106 12 31362 12 31619 10 31875 10 32132 8 32389 6 32647 2
0999dab07b11bc85fb8464fc36c947fbd8b5d6ec49817361cb780659ca805eac,12689 4 12944 6 13199 8 13455 8 13710 10 13966 10 14221 11 14477 11 14733 11 14989 11 15245 11 15500 13 15756 12 16012 12 16268 12 16525 11 16781 11 17037 11 17293 10 17549 10 17805 10 18062 8 18318 8 18575 6 18832 3
0999dab07b11bc85fb8464fc36c947fbd8b5d6ec49817361cb780659ca805eac,40593 3 40848 5 41104 5 41360 6 41616 6 41873 6 42129 6 42385 7 42641 7 42897 7 43153 7 43409 7 43665 7 43922 6 44178 6 44435 4
0999dab07b11bc85fb8464fc36c947fbd8b5d6ec49817361cb780659ca805eac,57497 3 57752 5 58007 7 58263 7 58519 8 58775 8 59030 10 59286 10 59542 11 59798 11 60054 11 60310 11 60567 10 60823 11 61079 11 61336 10 61592 10 61849 9 62106 7 62363 6 62620 4
0999dab07b11bc85fb8464fc36c947fbd8b5d6ec49817361cb780659ca805eac,64155 4 64410 6 64666 7 64921 8 65178 5
0999dab07b11bc85fb8464fc36c947fbd8b5d6ec49817361cb780659ca805eac,63133 2
0999dab07b11bc85fb8464fc36c947fbd8b5d6ec49817361cb780659ca805eac,677 1 930 7 1185 9 1441 9 1697 10 1952 11 2208 11 2464 12 2720 11 2976 11 3233 10 3489 10 3745 9 4002 7 4259 5
0999dab07b11bc85fb8464fc36c947fbd8b5d6ec49817361cb780659ca805eac,5797 2 6051 5 6306 7 6562 7 6817 9 7073 9 7328 10 7584 11 7840 11 8096 11 8352 11 8608 11 8864 11 9120 11 9376 11 9632 11 9888 11 10145 10 10401 10 10657 10 10913 9 11170 8 11426 8 11683 6 11940 5 12197 2
0999dab07b11bc85fb8464fc36c947fbd8b5d6ec49817361cb780659ca805eac,36263 4 36518 6 36774 7 37029 8 37285 9 37540 10 37796 10 38051 11 38307 11 38563 11 38818 12 39074 12 39330 11 39586 11 39842 11 40098 11 40354 10 40610 10 40866 10 41122 9 41378 9 41634 8 41890 8 42146 7 42402 6 42659 4
0999dab07b11bc85fb8464fc36c947fbd8b5d6ec49817361cb780659ca805eac,20651 4 20906 7 21161 9 21416 10 21672 11 21928 11 22183 12 22439 13 22695 13 22951 13 23207 13 23463 13 23719 12 23975 12 24231 12 24488 10 24744 10 25001 8 25258 6
0999dab07b11bc85fb8464fc36c947fbd8b5d6ec49817361cb780659ca805eac,51369 2 51624 4 51880 4 52136 5 52392 5 52648 5 52904 5 53160 5 53416 5 53671 6 53927 6 54183 6 54439 6 54695 6 54951 5 55207 5 55464 4 55720 3 55977 1
0999dab07b11bc85fb8464fc36c947fbd8b5d6ec49817361cb780659ca805eac,63157 2 63412 4 63668 5 63923 6 64178 7 64434 7 64690 7 64946 7 65204 2
0999dab07b11bc85fb8464fc36c947fbd8b5d6ec49817361cb780659ca805eac,5820 4 6075 6 6330 7 6586 8 6841 9 7097 9 7353 9 7608 10 7864 10 8120 10 8376 10 8631 11 8887 11 9143 11 9399 10 9655 10 9911 10 10167 10 10423 9 10679 9 10935 8 11191 8 11448 7 11704 6 11961 4
0999dab07b11bc85fb8464fc36c947fbd8b5d6ec49817361cb780659ca805eac,53179 1 53434 2 53690 3 53946 3 54201 4 54457 4 54713 4 54969 4 55225 4 55480 5 55736 5 55992 4 56248 4 56505 2
0999dab07b11bc85fb8464fc36c947fbd8b5d6ec49817361cb780659ca805eac,45763 4 46019 5 46274 7 46530 7 46786 7 47042 8 47298 8 47554 8 47810 8 48066 8 48322 8 48578 8 48835 7 49091 7 49347 7 49603 6 49860 5 50116 5 50373 3
0999dab07b11bc85fb8464fc36c947fbd8b5d6ec49817361cb780659ca805eac,710 9 966 9 1222 9 1478 9 1734 9 1990 9 2247 8 2504 7 2762 3
0999dab07b11bc85fb8464fc36c947fbd8b5d6ec49817361cb780659ca805eac,57806 2 58061 4 58316 5 58572 5 58828 5 59083 6 59339 6 59595 6 59850 7 60106 7 60362 7 60618 7 60874 7 61129 8 61385 8 61641 8 61897 7 62153 7 62409 7 62665 7 62921 6 63176 7 63432 7 63688 7 63944 6 64200 6 64456 5 64712 5 64969 2
0999dab07b11bc85fb8464fc36c947fbd8b5d6ec49817361cb780659ca805eac,24014 1 24268 5 24523 6 24778 8 25034 8 25289 10 25545 10 25801 10 26057 10 26313 10 26569 10 26825 10 27082 9 27338 8 27595 6 27852 4
0999dab07b11bc85fb8464fc36c947fbd8b5d6ec49817361cb780659ca805eac,10703 4 10958 6 11214 6 11469 8 11725 8 11980 9 12236 9 12492 9 12748 9 13004 9 13259 10 13515 10 13771 10 14027 10 14283 10 14539 10 14795 10 15050 10 15306 10 15562 10 15818 10 16074 9 16330 9 16586 8 16843 7 17099 6 17356 4
0999dab07b11bc85fb8464fc36c947fbd8b5d6ec49817361cb780659ca805eac,34010 5 34264 9 34520 10 34775 12 35031 12 35287 12 35543 12 35800 11 36056 11 36313 10 36570 8 36827 6
0999dab07b11bc85fb8464fc36c947fbd8b5d6ec49817361cb780659ca805eac,64219 4 64474 7 64729 9 64985 10
0999dab07b11bc85fb8464fc36c947fbd8b5d6ec49817361cb780659ca805eac,55774 2 56029 5 56285 5 56541 6 56797 6 57053 6 57309 7 57565 7 57821 7 58078 7 58334 7 58590 7 58847 6 59103 6 59360 5 59616 5 59873 4 60130 2
0999dab07b11bc85fb8464fc36c947fbd8b5d6ec49817361cb780659ca805eac,480 6 735 9 990 10 1246 10 1503 9 1759 9 2015 9 2271 9 2528 8 2785 6 3041 5 3298 4
0999dab07b11bc85fb8464fc36c947fbd8b5d6ec49817361cb780659ca805eac,13545 3 13799 6 14055 7 14310 9 14566 10 14582 2 14821 20 15077 20 15333 21 15589 21 15844 22 16100 22 16356 22 16612 22 16868 22 17124 22 17380 22 17636 22 17892 22 18148 22 18404 22 18660 22 18916 22 19172 22 19429 6 19438 12 19686 2 19695 10 19952 9 20208 8 20465 5
0999dab07b11bc85fb8464fc36c947fbd8b5d6ec49817361cb780659ca805eac,47597 1 47852 3 48107 4 48363 4 48618 5 48873 5 49128 6 49384 5 49640 4
0999dab07b11bc85fb8464fc36c947fbd8b5d6ec49817361cb780659ca805eac,41962 3 42217 5 42473 6 42729 6 42985 7 43241 7 43498 6 43754 6 44010 7 44267 6 44524 5 44781 4 45037 3 45294 2
0999dab07b11bc85fb8464fc36c947fbd8b5d6ec49817361cb780659ca805eac,26358 1 26613 2 26868 4 27124 4 27380 4 27636 4 27892 4 28148 5 28404 5 28660 5 28917 4 29173 4 29429 4 29685 4 29941 4 30197 5 30453 5 30709 5 30965 5 31222 4 31478 4 31735 2
0999dab07b11bc85fb8464fc36c947fbd8b5d6ec49817361cb780659ca805eac,504 6 759 7 1016 6 1272 6 1531 1
0a849e0eb15faa8a6d7329c3dd66aabe9a294cccb52ed30a90c8ca99092ae732,59651 1 59906 3 60162 3 60418 3 60674 3 60930 3 61186 3 61442 3 61698 3 61954 3 62210 3 62466 4 62722 4 62978 4 63234 4 63490 4 63745 5 64001 4 64257 4 64513 4 64770 2
0a849e0eb15faa8a6d7329c3dd66aabe9a294cccb52ed30a90c8ca99092ae732,2307 2 2343 2 2562 3 2597 6 2818 4 2851 10 3074 5 3107 11 3330 5 3347 4 3363 12 3586 7 3601 7 3619 13 3842 8 3855 10 3875 13 4098 9 4109 13 4130 15 4354 25 4386 15 4610 26 4641 17 4866 27 4897 17 5122 48 5379 47 5635 47 5891 46 6152 40 6412 35 6669 33 6925 14 6945 11 7182 11 7206 2 7439 9 7698 3
0a849e0eb15faa8a6d7329c3dd66aabe9a294cccb52ed30a90c8ca99092ae732,13315 2 13571 3 13826 5 14082 6 14338 7 14594 7 14850 7 15106 7 15362 7 15618 7 15874 7 16130 7 16386 7 16642 7 16898 7 17154 6 17410 5 17666 5 17922 4 18179 3 18435 2
0a849e0eb15faa8a6d7329c3dd66aabe9a294cccb52ed30a90c8ca99092ae732,34563 2 34818 4 35074 4 35330 5 35586 5 35842 5 36098 5 36354 5 36610 5 36866 4 37122 4 37379 2 37635 1
0a849e0eb15faa8a6d7329c3dd66aabe9a294cccb52ed30a90c8ca99092ae732,43523 4 43778 6 44034 7 44290 8 44547 7 44803 7 45061 4
0a849e0eb15faa8a6d7329c3dd66aabe9a294cccb52ed30a90c8ca99092ae732,52237 3 52489 2 52492 5 52744 9 52998 11 53251 14 53506 15 53762 14 54018 14 54274 9 54285 2 54530 9 54786 5 54792 2 55042 4 55298 4 55554 4 55810 3 56066 3 56322 3 56578 3 56834 3 57090 3 57347 1
0a849e0eb15faa8a6d7329c3dd66aabe9a294cccb52ed30a90c8ca99092ae732,37162 4 37417 6 37672 8 37928 8 38183 9 38439 9 38695 9 38950 10 39206 9 39462 8 39704 5 39717 9 39958 10 39972 9 40213 23 40467 24 40722 23 40977 23 41233 22 41489 22 41745 21 42002 19 42258 19 42514 18 42771 17 43027 17 43284 15 43540 13 43797 11 44054 9 44311 7 44569 3
0a849e0eb15faa8a6d7329c3dd66aabe9a294cccb52ed30a90c8ca99092ae732,52257 4 52512 7 52766 10 53022 11 53277 12 53533 13 53788 14 54044 14 54300 14 54556 15 54812 15 55068 16 55324 17 55580 18 55838 18 56097 16 56354 15 56612 13 56869 13 57126 12 57383 11 57639 11 57895 11 58151 10 58407 10 58663 10 58919 11 59174 14 59429 17 59684 19 59940 19 60196 20 60452 20 60708 20 60964 20 61220 19 61476 19 61732 18 61989 16 62245 15 62502 14 62758 13 63013 15 63269 15 63525 15 63781 14 64036 15 64291 17 64547 17 64803 17 65062 11
0a849e0eb15faa8a6d7329c3dd66aabe9a294cccb52ed30a90c8ca99092ae732,10280 2 10534 7 10788 10 11043 12 11298 14 11554 14 11809 16 12065 16 12320 18 12575 19 12830 20 13086 20 13342 20 13599 19 13855 19 14111 19 14367 18 14624 17 14881 15 15137 15 15394 13 15651 11 15908 8 16165 6 16422 3
0a849e0eb15faa8a6d7329c3dd66aabe9a294cccb52ed30a90c8ca99092ae732,29221 2 29475 6 29730 8 29986 8 30242 9 30498 9 30754 9 31010 10 31266 10 31522 10 31779 9 32035 9 32292 7 32550 3
0a849e0eb15faa8a6d7329c3dd66aabe9a294cccb52ed30a90c8ca99092ae732,47155 7 47409 10 47663 13 47918 15 48173 16 48429 15 48685 15 48941 15 49197 16 49454 14 49710 14 49967 13 50223 12 50480 11 50737 10 50993 10 51250 9 51507 8 51764 7 52022 4
0a849e0eb15faa8a6d7329c3dd66aabe9a294cccb52ed30a90c8ca99092ae732,21041 4 21296 6 21551 7 21807 7 22063 8 22319 8 22575 8 22832 6 23089 5 23347 1
0a849e0eb15faa8a6d7329c3dd66aabe9a294cccb52ed30a90c8ca99092ae732,38463 6 38718 7 38973 9 39228 10 39484 11 39739 12 39995 12 40250 13 40505 14 40761 14 41017 14 41272 15 41528 15 41783 15 42039 15 42295 14 42551 13 42807 12 43065 9 43323 5
0a849e0eb15faa8a6d7329c3dd66aabe9a294cccb52ed30a90c8ca99092ae732,64830 7 65085 8
0a849e0eb15faa8a6d7329c3dd66aabe9a294cccb52ed30a90c8ca99092ae732,26437 3 26692 6 26947 8 27203 9 27459 9 27715 10 27971 10 28227 10 28482 11 28738 11 28995 9 29252 7
0a849e0eb15faa8a6d7329c3dd66aabe9a294cccb52ed30a90c8ca99092ae732,27512 6 27766 11 28021 14 28276 16 28531 18 28787 18 29042 19 29298 18 29554 18 29810 17 30067 15 30323 15 30580 12 30837 10 31094 8 31352 4
0a849e0eb15faa8a6d7329c3dd66aabe9a294cccb52ed30a90c8ca99092ae732,5242 2 5496 6 5751 9 6006 11 6262 13 6517 14 6773 15 7030 14 7286 14 7542 14 7798 14 8054 14 8311 13 8567 12 8823 12 9080 10 9337 9 9595 5
0a849e0eb15faa8a6d7329c3dd66aabe9a294cccb52ed30a90c8ca99092ae732,20366 4 20619 9 20874 11 21129 13 21384 14 21639 16 21895 17 22150 18 22406 18 22662 18 22917 18 23174 17 23430 16 23687 14 23944 11 24202 7
0a849e0eb15faa8a6d7329c3dd66aabe9a294cccb52ed30a90c8ca99092ae732,2961 2 3215 6 3471 7 3727 8 3983 9 4239 10 4495 12 4751 12 5007 13 5264 13 5520 14 5777 14 6034 14 6291 14 6548 13 6806 12 7064 10 7322 8 7580 5
0a849e0eb15faa8a6d7329c3dd66aabe9a294cccb52ed30a90c8ca99092ae732,10147 7 10401 11 10656 13 10911 15 11167 16 11422 17 11678 18 11933 19 12180 5 12186 22 12434 30 12689 30 12945 29 13200 20 13225 2 13456 19 13712 17 13967 18 14223 17 14479 17 14736 15 14992 15 15249 13 15508 9
0a849e0eb15faa8a6d7329c3dd66aabe9a294cccb52ed30a90c8ca99092ae732,411 11 666 14 923 12 1181 9 1441 2
0a849e0eb15faa8a6d7329c3dd66aabe9a294cccb52ed30a90c8ca99092ae732,30380 5 30635 7 30890 9 31146 10 31401 11 31656 13 31912 13 32168 14 32424 14 32680 15 32936 15 33192 15 33448 14 33704 13 33961 12 34217 11 34474 9 34732 6
0a849e0eb15faa8a6d7329c3dd66aabe9a294cccb52ed30a90c8ca99092ae732,22447 6 22702 9 22957 12 23213 13 23468 15 23724 16 23980 17 24236 17 24492 18 24748 18 25005 17 25261 17 25518 15 25775 11
0a849e0eb15faa8a6d7329c3dd66aabe9a294cccb52ed30a90c8ca99092ae732,16055 1 16307 7 16562 10 16817 11 17071 14 17326 16 17581 18 17837 18 18093 18 18349 18 18606 16 18863 15 19120 13 19377 11 19635 8 19893 3
0a849e0eb15faa8a6d7329c3dd66aabe9a294cccb52ed30a90c8ca99092ae732,5307 1 5561 4 5815 8 6070 11 6326 13 6582 17 6838 18 7094 19 7351 18 7607 17 7864 16 8120 15 8377 12 8634 8 8892 2
0a849e0eb15faa8a6d7329c3dd66aabe9a294cccb52ed30a90c8ca99092ae732,451 12 705 17 961 16 1218 15 1475 13 1732 12 1989 10 2247 6
0a849e0eb15faa8a6d7329c3dd66aabe9a294cccb52ed30a90c8ca99092ae732,14036 3 14290 7 14544 18 14799 21 15055 22 15310 25 15566 26 15822 27 16078 27 16334 28 16591 27 16847 28 17104 27 17361 26 17617 27 17874 26 18131 25 18388 23 18647 20 18909 13 19168 10 19426 6
0a849e0eb15faa8a6d7329c3dd66aabe9a294cccb52ed30a90c8ca99092ae732,26068 6 26323 9 26577 12 26832 14 27087 16 27343 17 27599 18 27855 18 28111 18 28368 17 28624 17 28880 16 29137 15 29394 13 29651 11 29908 9 30166 5
0a849e0eb15faa8a6d7329c3dd66aabe9a294cccb52ed30a90c8ca99092ae732,40408 4 40662 8 40916 12 41171 14 41426 15 41682 16 41937 17 42193 17 42449 17 42705 18 42961 18 43217 18 43473 18 43729 18 43987 16 44244 15 44501 13 44758 11 45015 9 45271 7 45529 3
0a849e0eb15faa8a6d7329c3dd66aabe9a294cccb52ed30a90c8ca99092ae732,8667 5 8921 9 9176 12 9431 14 9686 16 9941 17 10197 17 10453 17 10709 17 10965 17 11221 17 11478 15 11735 13 11992 11 12249 6
0a849e0eb15faa8a6d7329c3dd66aabe9a294cccb52ed30a90c8ca99092ae732,2529 6 2784 9 3039 11 3295 12 3550 13 3805 15 4061 15 4317 15 4573 15 4829 15 5086 13 5344 11 5601 8 5860 3
0a849e0eb15faa8a6d7329c3dd66aabe9a294cccb52ed30a90c8ca99092ae732,62947 6 63199 14 63455 14 63714 12 63970 10 64225 12 64480 13 64736 13 64993 12 65253 6
0a849e0eb15faa8a6d7329c3dd66aabe9a294cccb52ed30a90c8ca99092ae732,32235 8 32489 11 32743 13 32997 15 33251 17 33506 18 33762 18 34017 18 34274 17 34530 17 34786 17 35042 16 35299 15 35556 13 35813 11 36071 7
0a849e0eb15faa8a6d7329c3dd66aabe9a294cccb52ed30a90c8ca99092ae732,48361 6 48615 9 48870 11 49125 13 49381 14 49636 16 49892 17 50148 17 50404 17 50661 16 50917 16 51173 16 51429 15 51686 13 51943 11 52200 9 52457 6 52716 1
0a849e0eb15faa8a6d7329c3dd66aabe9a294cccb52ed30a90c8ca99092ae732,20719 6 20972 11 21227 13 21482 14 21737 16 21993 16 22249 16 22505 16 22761 17 23017 16 23273 16 23529 16 23785 16 24041 15 24298 13 24554 11 24811 9 25068 7 25326 3
0a849e0eb15faa8a6d7329c3dd66aabe9a294cccb52ed30a90c8ca99092ae732,38894 8 39148 13 39403 16 39659 17 39914 18 40170 19 40426 19 40682 19 40938 19 41195 18 41452 17 41710 15 41968 13 42227 10 42486 6
0a849e0eb15faa8a6d7329c3dd66aabe9a294cccb52ed30a90c8ca99092ae732,9207 4 9462 7 9716 10 9972 10 10227 12 10483 12 10739 12 10995 12 11252 11 11508 12 11764 12 12021 11 12278 9 12535 8 12792 7 13050 4
0a849e0eb15faa8a6d7329c3dd66aabe9a294cccb52ed30a90c8ca99092ae732,32766 2 33022 2 33278 2 33534 2 33790 2 34046 2 34302 2
0e132f71c8b4875c3c2dd7a22997468a3e842b46aa9bd47cf7b0e8b7d63f0925,28425 4 28679 8 28935 10 29191 11 29448 10 29704 11 29961 10 30218 8 30476 6 30733 4
0e132f71c8b4875c3c2dd7a22997468a3e842b46aa9bd47cf7b0e8b7d63f0925,47884 1 48137 6 48392 8 48648 8 48903 10 49159 10 49415 9 49671 9 49927 8 50184 7 50441 4
0e132f71c8b4875c3c2dd7a22997468a3e842b46aa9bd47cf7b0e8b7d63f0925,10025 10 10278 15 10533 17 10789 18 11045 18 11302 17 11561 14 11820 11 12079 7
0e132f71c8b4875c3c2dd7a22997468a3e842b46aa9bd47cf7b0e8b7d63f0925,35381 3 35635 7 35890 9 36146 9 36402 10 36658 11 36914 11 37170 10 37426 10 37683 8 37941 4
0e132f71c8b4875c3c2dd7a22997468a3e842b46aa9bd47cf7b0e8b7d63f0925,45886 1 46139 6 46394 8 46650 9 46905 10 47161 11 47417 11 47673 11 47930 10 48187 9 48446 5 48704 1
0e132f71c8b4875c3c2dd7a22997468a3e842b46aa9bd47cf7b0e8b7d63f0925,20033 2 20288 5 20543 9 20799 10 21055 11 21311 11 21567 11 21824 11 22080 10 22337 9 22593 9 22850 7 23108 3
0e132f71c8b4875c3c2dd7a22997468a3e842b46aa9bd47cf7b0e8b7d63f0925,38227 2 38480 5 38736 5 38993 2
0e132f71c8b4875c3c2dd7a22997468a3e842b46aa9bd47cf7b0e8b7d63f0925,23131 5 23385 8 23640 8 23895 8 24151 6 24407 4 24663 3
0e132f71c8b4875c3c2dd7a22997468a3e842b46aa9bd47cf7b0e8b7d63f0925,468 13 725 10
0ed3555a4bd48046d3b63d8baf03a5aa97e523aa483aaa07459e7afa39fb96c6,34820 3 35075 5 35331 6 35587 6 35843 6 36099 5 36356 2
0ed3555a4bd48046d3b63d8baf03a5aa97e523aa483aaa07459e7afa39fb96c6,58637 5 58891 7 59147 8 59402 8 59658 8 59914 8 60171 7 60428 6 60685 3
0ed3555a4bd48046d3b63d8baf03a5aa97e523aa483aaa07459e7afa39fb96c6,28787 2 29041 5 29298 4 29554 4
0ed3555a4bd48046d3b63d8baf03a5aa97e523aa483aaa07459e7afa39fb96c6,31868 3 32122 6 32378 6 32634 5 32891 3
0ed3555a4bd48046d3b63d8baf03a5aa97e523aa483aaa07459e7afa39fb96c6,38591 4 38845 7 39100 7 39355 7 39611 6 39865 7 40120 8 40375 7 40631 5 40887 5 41145 1
0ed3555a4bd48046d3b63d8baf03a5aa97e523aa483aaa07459e7afa39fb96c6,38099 5 38353 9 38609 10 38865 10 39121 11 39378 10 39633 11 39888 12 40144 12 40400 12 40656 12 40911 13 41167 12 41424 11 41680 11 41937 10 42194 8 42452 5
0ed3555a4bd48046d3b63d8baf03a5aa97e523aa483aaa07459e7afa39fb96c6,44756 4 45011 5 45267 6 45523 6 45778 7 46035 7 46291 7 46548 5 46806 2
0ed3555a4bd48046d3b63d8baf03a5aa97e523aa483aaa07459e7afa39fb96c6,44010 1 44262 8 44516 11 44770 13 45026 13 45282 14 45539 13 45797 12 46055 10 46314 6 46572 3
0ed3555a4bd48046d3b63d8baf03a5aa97e523aa483aaa07459e7afa39fb96c6,40168 1 40423 3 40678 4 40933 4 41189 4
0ed3555a4bd48046d3b63d8baf03a5aa97e523aa483aaa07459e7afa39fb96c6,35306 3 35311 4 35561 13 35817 14 36073 14 36330 14 36587 13 36842 14 37098 14 37355 12 37612 10 37868 10 38125 8 38383 3
0ed3555a4bd48046d3b63d8baf03a5aa97e523aa483aaa07459e7afa39fb96c6,18942 1 19198 2 19453 3 19709 4 19966 3 20222 3 20478 3 20734 3 20990 3 21245 4 21501 4 21757 3 22013 3 22270 1
0f1f896d9ae5a04752d3239c690402c022db4d72c0d2c087d73380896f72c466,260 5 290 5 316 20 371 5 386 24 425 8 455 12 473 4 488 23 515 8 532 67 613 7 627 41 678 18 708 60 770 10 788 7 797 61 866 10 884 40 933 19 964 60 1026 9 1045 6 1054 62 1120 12 1141 39 1188 18 1219 61 1282 9 1301 4 1312 76 1397 41 1444 18 1475 61 1538 9 1557 5 1568 77 1653 18 1676 4 1687 8 1699 18 1731 61 1794 9 1814 4 1825 76 1909 17 1942 8 1954 19 1985 63 2050 9 2070 3 2082 76 2164 16 2199 6 2209 6 2219 10 2240 64 2306 9 2340 56 2399 16 2420 15 2463 7 2477 7 2496 64 2562 9 2597 39 2637 14 2654 18 2674 16 2717 6 2753 63 2818 9 2853 38 2893 13 2910 35 2971 8 3009 63 3074 10 3109 38 3149 12 3165 24 3192 9 3225 10 3263 65 3330 11 3365 35 3405 11 3420 21 3481 11 3517 67 3587 10 3621 34 3661 11 3676 16 3736 11 3771 69 3843 12 3877 33 3917 10 3931 14 3991 12 4025 71 4099 13 4133 33 4172 11 4187 13 4247 12 4281 71 4355 14 4389 33 4428 9 4442 13 4502 13 4537 71 4611 16 4646 31 4684 8 4699 10 4752 19 4792 72 4867 19 4902 31 4940 7 4956 8 4999 28 5047 73 5123 26 5158 31 5197 5 5214 4 5254 29 5303 73 5379 30 5414 30 5455 1 5490 8 5504 3 5509 30 5558 74 5635 64 5745 50 5812 76 5891 60 5999 54 6066 78 6147 58 6254 58 6319 81 6403 58 6508 63 6574 82 6659 57 6762 150 6915 56 7017 151 7171 55 7272 152 7427 54 7499 2 7528 22 7554 126 7683 17 7708 28 7753 5 7768 3 7782 23 7817 119 7939 17 7968 21 8008 6 8024 5 8035 25 8075 117 8195 17 8229 12 8262 9 8279 36 8333 115 8451 16 8490 3 8517 11 8534 9 8545 25 8590 114 8707 16 8772 14 8789 9 8801 12 8816 8 8845 115 8963 17 9027 16 9045 8 9058 7 9076 1 9100 116 9219 18 9282 26 9315 5 9355 13 9373 99 9475 19 9530 34 9610 12 9631 97 9731 21 9784 36 9866 11 9888 54 9945 39 9987 22 10038 37 10121 12 10146 51 10201 39 10243 23 10293 38 10356 1 10376 13 10403 49 10457 39 10499 25 10548 9 10558 17 10577 10 10609 6 10623 21 10659 49 10714 38 10755 26 10803 9 10815 28 10864 9 10878 22 10916 48 10970 38 11011 28 11058 9 11072 27 11119 13 11134 21 11172 48 11225 39 11267 32 11314 9 11324 2 11330 25 11373 14 11391 19 11427 49 11480 40 11523 35 11569 13 11587 14 11603 8 11627 15 11647 18 11682 94 11779 37 11824 13 11843 9 11859 9 11882 15 11904 15 11938 94 12035 38 12079 13 12099 9 12116 8 12137 16 12160 12 12193 95 12291 40 12334 14 12354 10 12372 8 12392 16 12416 10 12448 96 12547 56 12608 12 12629 8 12647 16 12672 9 12702 98 12803 55 12862 13 12885 8 12902 17 12929 7 12957 99 13059 43 13107 6 13116 15 13140 9 13158 17 13186 5 13212 100 13315 43 13364 5 13371 16 13396 9 13414 16 13443 3 13468 100 13571 43 13622 2 13626 17 13651 11 13669 16 13701 1 13724 100 13827 8 13836 33 13881 18 13906 12 13924 16 13979 101 14083 8 14093 32 14137 19 14162 13 14176 15 14214 1 14234 102 14339 8 14350 31 14393 19 14415 30 14470 3 14489 103 14595 8 14607 30 14649 19 14671 29 14726 4 14732 5 14744 81 14829 19 14851 8 14866 27 14905 19 14927 29 14983 11 15000 80 15086 18 15107 8 15122 27 15161 18 15183 28 15239 12 15256 80 15343 17 15363 8 15379 25 15417 18 15439 27 15495 14 15511 81 15601 15 15619 8 15635 25 15672 18 15696 10 15713 8 15750 58 15809 40 15858 14 15875 11 15892 24 15928 17 15954 6 15970 5 16006 58 16065 42 16115 13 16131 12 16147 25 16184 15 16213 1 16261 58 16322 42 16373 11 16387 14 16403 2 16408 20 16441 8 16516 60 16577 44 16631 9 16643 14 16665 19 16697 6 16772 105 16887 9 16899 14 16923 17 16955 2 17028 106 17143 9 17155 13 17180 16 17285 106 17394 3 17399 9 17411 9 17437 13 17542 11 17554 100 17655 9 17667 8 17699 6 17764 2 17798 122 17923 8 17955 2 18018 4 18025 4 18054 4 18060 116 18179 8 18273 14 18290 3 18310 4 18319 113 18435 8 18528 21 18567 2 18575 113 18691 8 18757 6 18774 5 18782 23 18823 2 18831 113 18947 8 19011 50 19077 5 19086 114 19203 8 19262 55 19320 3 19331 9 19341 92 19436 20 19459 8 19499 2 19515 59 19575 5 19586 101 19694 18 19715 8 19734 2 19744 3 19753 4 19770 67 19841 101 19951 17 19971 7 19987 7 19996 8 20008 5 20026 67 20096 101 20208 15 20227 6 20243 26 20281 171 20465 14 20483 6 20499 26 20537 31 20574 21 20598 109 20723 11 20739 6 20756 25 20793 30 20832 18 20854 109 20980 10 20995 6 21012 25 21048 30 21090 14 21111 108 21236 10 21251 7 21268 11 21283 10 21304 21 21328 5 21347 12 21368 107 21492 10 21507 7 21525 8 21540 9 21559 22 21583 8 21603 12 21625 106 21749 10 21763 7 21781 5 21796 8 21814 22 21838 2 21845 3 21860 11 21881 106 22006 9 22019 7 22035 6 22053 7 22067 27 22101 3 22117 10 22132 2 22139 104 22263 8 22275 7 22291 4 22322 27 22357 4 22374 10 22386 4 22395 104 22519 8 22531 7 22546 5 22578 27 22612 6 22631 14 22652 104 22770 3 22775 8 22787 7 22801 5 22838 21 22868 7 22884 17 22908 105 23026 13 23043 8 23056 7 23095 10 23124 9 23139 17 23165 105 23283 12 23299 8 23310 8 23379 32 23421 106 23541 1 23543 8 23555 18 23635 31 23676 109 23799 8 23811 8 23820 9 23890 30 23932 110 24055 8 24068 2 24072 3 24076 7 24146 27 24187 114 24311 8 24324 1 24333 5 24403 24 24442 121 24567 8 24580 1 24589 5 24660 20 24697 125 24823 8 24845 4 24917 18 24952 135 25092 2 25102 2 25173 18 25205 139 25348 6 25357 3 25429 17 25459 141 25604 12 25685 16 25714 142 25860 11 25942 14 25969 143 26115 12 26198 14 26224 144 26371 12 26454 14 26479 145 26627 12 26710 14 26734 114 26856 24 26883 11 26968 11 26989 114 27114 22 27139 11 27230 3 27244 114 27372 20 27395 11 27500 114 27628 20 27651 11 27755 115 27885 19 27907 10 28011 91 28104 22 28141 19 28163 9 28266 92 28362 20 28399 17 28419 8 28521 117 28656 16 28675 8 28776 119 28913 2 28916 12 28931 7 29032 119 29175 9 29187 7 29287 47 29335 73 29431 9 29444 6 29543 121 29687 9 29700 5 29799 122 29943 9 29955 4 30054 125 30199 9 30211 3 30310 126 30455 9 30468 1 30566 127 30711 9 30822 129 30967 9 31078 135 31221 11 31334 138 31475 13 31589 155 31845 155 32100 156 32356 156 32612 108 32722 46 32868 107 32978 46 33124 107 33236 44 33381 106 33493 43 33637 107 33749 33 33783 9 33893 144 34039 8 34150 28 34180 112 34296 7 34406 28 34436 111 34553 6 34662 28 34697 107 34808 7 34917 30 34953 107 35063 8 35172 31 35205 112 35319 8 35429 4 35436 138 35575 8 35693 146 35950 145 36206 145 36462 145 36718 146 36974 146 37231 145 37487 119 37616 16 37739 1 37742 118 37873 15 37995 119 38130 14 38251 118 38387 13 38506 118 38645 11 38762 119 38902 10 39019 2 39022 116 39159 9 39279 115 39415 9 39530 1 39535 116 39671 9 39785 3 39791 117 39927 9 40041 4 40047 47 40096 69 40180 12 40296 5 40303 47 40352 70 40434 14 40553 126 40680 7 40689 15 40809 151 41064 134 41202 14 41320 56 41378 74 41463 9 41575 57 41634 73 41719 9 41830 58 41891 72 41975 9 42085 38 42124 19 42145 22 42171 48 42231 9 42340 38 42381 2 42386 12 42402 20 42429 46 42488 8 42595 38 42641 13 42658 19 42687 45 42744 8 42851 37 42897 12 42915 17 42945 43 43000 8 43106 38 43152 13 43171 17 43205 41 43256 8 43362 37 43408 13 43427 17 43463 40 43512 8 43617 38 43664 12 43683 17 43720 15 43741 20 43768 8 43873 38 43921 11 43939 17 43977 12 43998 21 44024 8 44128 39 44178 10 44195 17 44234 11 44255 21 44279 9 44384 14 44402 22 44435 8 44450 18 44491 9 44513 6 44522 12 44535 9 44639 15 44662 19 44706 18 44748 8 44778 22 44894 19 44914 1 44921 17 44943 4 44961 19 45005 8 45035 21 45149 15 45166 8 45179 18 45198 7 45216 21 45261 9 45292 20 45404 11 45417 4 45425 8 45437 26 45472 21 45518 8 45553 15 45658 12 45674 5 45683 6 45695 23 45728 21 45774 9 45789 2 45811 13 45914 12 45930 15 45952 21 45983 22 46031 9 46045 3 46068 12 46170 12 46187 14 46209 22 46237 24 46288 10 46300 5 46324 11 46409 6 46425 13 46443 14 46465 52 46545 17 46580 11 46664 9 46681 13 46699 14 46722 33 46757 16 46801 19 46836 11 46920 10 46937 13 46957 12 46979 31 47017 13 47058 18 47091 12 47176 11 47192 14 47214 11 47236 31 47274 12 47315 18 47346 12 47432 13 47448 15 47471 11 47492 31 47531 12 47572 12 47586 3 47602 12 47688 30 47728 11 47749 32 47787 12 47829 10 47843 1 47858 11 47944 31 47986 10 48005 33 48043 13 48086 9 48114 10 48200 32 48243 9 48262 33 48299 13 48342 9 48369 10 48456 32 48500 8 48518 50 48599 8 48625 10 48712 33 48757 7 48775 50 48855 8 48880 10 48969 33 49014 6 49032 50 49112 7 49135 11 49225 34 49271 5 49288 50 49369 6 49391 10 49482 34 49527 5 49545 38 49586 9 49625 7 49647 9 49739 34 49783 5 49801 36 49844 8 49882 6 49902 10 49995 11 50009 21 50038 5 50058 35 50100 8 50123 1 50138 7 50157 11 50252 9 50266 21 50295 4 50314 35 50356 9 50378 4 50394 7 50413 10 50509 8 50523 21 50550 5 50570 36 50612 10 50634 7 50650 7 50669 10 50765 8 50780 8 50794 18 50827 36 50867 12 50889 9 50905 9 50925 9 51021 8 51036 7 51052 17 51084 51 51145 9 51162 9 51181 9 51277 8 51291 7 51309 17 51340 8 51351 17 51369 23 51400 10 51418 11 51436 9 51533 8 51547 6 51566 17 51596 7 51609 13 51627 13 51641 8 51655 11 51678 8 51692 9 51789 8 51802 7 51823 17 51852 6 51866 12 51884 11 51898 10 51909 13 51935 9 51947 9 52043 8 52058 6 52079 17 52108 6 52122 11 52140 11 52155 23 52193 18 52297 9 52311 9 52336 16 52364 5 52379 10 52397 10 52413 21 52448 18 52553 8 52569 7 52593 14 52620 5 52635 10 52653 10 52671 18 52703 17 52809 8 52825 7 52850 12 52876 6 52891 10 52909 9 52928 17 52959 16 53066 7 53080 8 53107 10 53131 7 53147 10 53166 5 53185 16 53214 15 53322 7 53336 8 53363 11 53386 8 53403 9 53422 2 53442 14 53469 15 53579 7 53591 10 53620 11 53642 8 53659 9 53679 1 53699 11 53725 13 53835 7 53847 10 53877 11 53898 8 53915 9 53956 9 53982 11 54092 7 54102 12 54134 10 54153 9 54172 8 54213 8 54238 9 54348 8 54357 14 54391 9 54409 8 54428 8 54470 8 54493 9 54603 25 54648 9 54665 8 54684 8 54705 2 54726 8 54748 9 54857 27 54905 8 54921 7 54940 8 54960 4 54983 8 55000 2 55003 9 55112 28 55162 7 55178 6 55196 7 55216 6 55240 7 55255 12 55367 29 55420 4 55435 5 55451 8 55471 7 55497 8 55511 11 55623 29 55678 1 55691 6 55707 8 55726 8 55754 8 55766 11 55879 13 55898 10 55948 6 55962 9 55981 9 56012 20 56135 13 56155 9 56205 6 56218 9 56237 10 56269 19 56390 13 56412 9 56461 7 56474 9 56493 9 56525 18 56646 13 56669 8 56718 8 56728 11 56749 8 56782 16 56902 13 56926 8 56974 21 57005 5 57038 15 57159 12 57184 7 57230 21 57261 4 57294 14 57415 12 57441 7 57487 20 57517 4 57549 14 57671 11 57698 8 57744 19 57773 4 57806 12 57927 11 57955 8 57984 4 58003 17 58029 5 58061 12 58183 11 58212 9 58235 9 58261 15 58284 10 58314 14 58439 11 58470 8 58491 9 58519 14 58538 14 58566 17 58694 12 58727 8 58747 9 58776 33 58819 18 58950 12 58984 9 59003 9 59034 32 59073 17 59205 12 59242 11 59259 8 59291 32 59327 14 59461 12 59499 11 59513 10 59548 45 59717 12 59756 22 59804 42 59973 12 60013 20 60060 39 60227 14 60271 16 60316 36 60483 14 60528 13 60572 32 60738 16 60785 10 60830 13 60851 5 60994 16 61041 8 61089 9 61250 17 61297 7 61347 5 61505 18 61553 6 61761 19 61808 6 62018 18 62062 7 62281 13 62317 8 62538 13 62572 8 62795 14 62826 9 63051 16 63080 11 63307 16 63335 11 63563 18 63590 10 63819 19 63844 10 64075 33 64330 32 64586 30 64842 27
0f1f896d9ae5a04752d3239c690402c022db4d72c0d2c087d73380896f72c466,30472 1 30726 4 30980 5 31236 4 31492 1 31496 7 31568 9 31751 10 31823 11 32006 12 32026 1 32069 1 32079 12 32262 13 32277 7 32324 2 32338 10 32517 25 32572 9 32595 10 32773 27 32820 17 32851 11 33028 20 33049 8 33075 19 33104 14 33284 13 33298 5 33306 8 33329 21 33360 15 33540 19 33562 9 33583 23 33616 15 33796 17 33818 10 33835 27 33873 14 34052 14 34073 48 34125 2 34128 15 34308 13 34328 70 34564 12 34582 72 34819 8 34828 3 34836 74 35075 8 35091 54 35154 2 35158 6 35331 8 35354 44 35587 8 35610 43 35843 8 35866 43 36098 7 36122 42 36354 5 36380 39 36610 5 36637 37 36866 5 36893 21 36924 3 37123 4 37149 20 37379 3 37406 19 37664 17 37922 15 38178 15 38433 15 38689 15 38948 11 39204 11 39459 11 39713 12 39968 12 40223 11 40479 10 40737 6
0f1f896d9ae5a04752d3239c690402c022db4d72c0d2c087d73380896f72c466,43547 4 43801 10 44059 13 44317 18 44573 24 44827 29 45083 31 45342 29 45597 16 45617 11 45851 16 45874 11 46102 19 46131 10 46353 24 46387 10 46607 25 46644 10 46861 27 46901 9 47114 30 47159 7 47368 33 47417 4 47623 35 47878 38 48133 40 48388 41 48644 42 48899 44 48953 2 49155 46 49208 3 49411 13 49428 40 49667 12 49686 38 49923 10 49943 38 50179 9 50200 38 50435 9 50457 8 50473 23 50691 9 50713 8 50730 23 50947 9 50969 8 50988 22 51203 8 51225 7 51245 21 51459 8 51481 7 51505 5 51715 8 51738 6 51971 8 51994 6 52227 8 52251 5 52483 7 52508 4 52738 8 52764 5 52995 7 53020 5 53251 6 53277 4 53506 8 53533 4 53763 7 53789 4 54019 7 54045 4 54275 7 54286 4 54301 4 54531 8 54540 8 54557 4 54787 17 54813 4 55043 16 55068 6 55299 14 55324 7 55555 8 55564 4 55580 8 55596 1 55812 7 55836 11 55849 5 56071 3 56092 19 56328 1 56348 19 56604 19 56861 8 56873 7 57117 7 57130 6 57373 7 57387 6 57606 5 57629 7 57644 6 57860 7 57869 1 57885 7 57900 6 58115 11 58141 8 58156 7 58371 12 58398 8 58413 7 58627 13 58654 8 58669 8 58882 14 58910 8 58926 8 59138 15 59166 9 59184 8 59394 15 59423 9 59442 8 59650 16 59677 11 59699 11 59907 15 59932 12 59957 10 60163 13 60188 11 60213 10 60419 10 60443 12 60470 4 60675 9 60700 11 60932 7 60960 6 61189 6 61217 4 61446 6 61475 2 61703 5 61720 2 61730 3 61960 5 61976 3 61986 2 62217 6 62235 2 62241 5 62249 3 62254 3 62476 6 62489 4 62497 5 62504 10 62733 7 62744 5 62752 6 62760 10 62988 39 63245 37 63501 37 63757 36 64014 22 64271 20 64527 19 64783 18
0f1f896d9ae5a04752d3239c690402c022db4d72c0d2c087d73380896f72c466,64259 1 64514 3 64770 4 65027 2
0f1f896d9ae5a04752d3239c690402c022db4d72c0d2c087d73380896f72c466,40965 1
0f1f896d9ae5a04752d3239c690402c022db4d72c0d2c087d73380896f72c466,38672 2 38927 4 39182 7 39437 9 39692 11 39947 12 40202 14 40457 15 40713 14 40969 13 41225 13 41482 11 41740 7 41998 4
0f1f896d9ae5a04752d3239c690402c022db4d72c0d2c087d73380896f72c466,24349 4 24602 7 24858 7 25114 11 25370 12 25627 11 25883 12 26139 11 26394 11 26650 10 26905 9 27160 8 27415 8 27671 7 27926 7 28182 6 28438 5 28694 5 28950 3 29207 1
0f1f896d9ae5a04752d3239c690402c022db4d72c0d2c087d73380896f72c466,25901 2 26157 2 26164 9 26415 17 26670 18 26926 18 27182 17 27438 18 27694 18 27949 19 28204 20 28459 21 28715 20 28970 21 29226 12 29480 13 29736 11 29993 10 30250 7 30509 2
0f1f896d9ae5a04752d3239c690402c022db4d72c0d2c087d73380896f72c466,39994 2 40249 2 40503 4 40757 5 41012 6 41267 7 41522 8 41779 8 42040 3 42298 1
0f1f896d9ae5a04752d3239c690402c022db4d72c0d2c087d73380896f72c466,63802 2 64057 3 64313 3 64568 4 64824 3 65080 2
0f1f896d9ae5a04752d3239c690402c022db4d72c0d2c087d73380896f72c466,37710 11 37964 15 38218 18 38473 20 38729 20 38985 20 39242 20 39498 20 39754 20 40010 20 40267 19 40523 18 40779 18 41035 18 41290 19 41545 19 41800 20 42053 22 42302 28 42556 29 42813 27 43070 23 43328 17 43586 13 43844 8
0f1f896d9ae5a04752d3239c690402c022db4d72c0d2c087d73380896f72c466,27723 3 27978 5 28230 9 28486 8 28742 7 28999 5 29258 2 29514 2 29770 2 30024 4 30279 5 30536 3 30793 2
0f1f896d9ae5a04752d3239c690402c022db4d72c0d2c087d73380896f72c466,15737 1 15992 2 16248 2 16503 3 16758 3
0f1f896d9ae5a04752d3239c690402c022db4d72c0d2c087d73380896f72c466,65017 4 65273 4
1747f62148a919c8feb6d607faeebdf504b5e2ad42b6b1710b1189c37ebcdb2c,40452 1 40708 3 40965 1
1747f62148a919c8feb6d607faeebdf504b5e2ad42b6b1710b1189c37ebcdb2c,28956 5 29212 6 29469 6 29725 7 29981 7 30237 7 30491 9 30745 10 31000 11 31256 10 31513 7
1747f62148a919c8feb6d607faeebdf504b5e2ad42b6b1710b1189c37ebcdb2c,37730 3 37985 5 38241 5 38497 4 38755 1
1747f62148a919c8feb6d607faeebdf504b5e2ad42b6b1710b1189c37ebcdb2c,37223 2
1747f62148a919c8feb6d607faeebdf504b5e2ad42b6b1710b1189c37ebcdb2c,39031 7 39280 16 39534 19 39784 26 40040 27 40297 26 40559 21 40816 20 41073 18 41330 17 41587 15 41843 14 42099 12 42355 8 42610 6 42865 6 43120 6 43377 5
1747f62148a919c8feb6d607faeebdf504b5e2ad42b6b1710b1189c37ebcdb2c,1906 4 2161 8 2416 10 2672 12 2928 12 3185 12 3442 11 3700 8 3959 4
1747f62148a919c8feb6d607faeebdf504b5e2ad42b6b1710b1189c37ebcdb2c,19326 1
1747f62148a919c8feb6d607faeebdf504b5e2ad42b6b1710b1189c37ebcdb2c,46229 1 46232 5 46481 16 46727 26 46981 28 47236 24 47492 22 47747 23 48003 23 48259 24 48515 24 48772 23 49029 23 49286 23 49543 22 49800 22 50057 21 50314 20 50571 18 50828 17 51084 16 51342 13 51599 11 51857 7
1747f62148a919c8feb6d607faeebdf504b5e2ad42b6b1710b1189c37ebcdb2c,3467 8 3722 12 3978 15 4234 17 4491 18 4748 18 5005 18 5263 15 5521 12 5781 7
1747f62148a919c8feb6d607faeebdf504b5e2ad42b6b1710b1189c37ebcdb2c,22166 5 22420 10 22674 14 22929 16 23185 17 23441 18 23697 18 23954 17 24210 17 24467 16 24724 15 24982 12 25239 10 25498 5
1747f62148a919c8feb6d607faeebdf504b5e2ad42b6b1710b1189c37ebcdb2c,51638 4 51892 8 52148 10 52403 12 52659 13 52914 15 53170 15 53426 14 53682 14 53938 13 54195 12 54452 10 54709 7
1747f62148a919c8feb6d607faeebdf504b5e2ad42b6b1710b1189c37ebcdb2c,20938 3 21195 2
1747f62148a919c8feb6d607faeebdf504b5e2ad42b6b1710b1189c37ebcdb2c,41425 1 41680 3 41935 5 42191 6 42447 7 42705 6 42962 6 43220 6 43478 8 43735 9 43745 1 43993 10 44251 4 44257 1
1747f62148a919c8feb6d607faeebdf504b5e2ad42b6b1710b1189c37ebcdb2c,39890 2 40145 5 40401 10 40658 4 40663 7 40922 7 41180 7 41437 7 41694 7 41950 8 42207 8 42464 8 42721 8 42979 6 43237 4 43495 1
1747f62148a919c8feb6d607faeebdf504b5e2ad42b6b1710b1189c37ebcdb2c,29913 7 30167 12 30422 14 30678 15 30934 16 31189 17 31446 16 31702 16 31959 15 32216 13 32473 11 32731 7
1747f62148a919c8feb6d607faeebdf504b5e2ad42b6b1710b1189c37ebcdb2c,36831 9 37086 12 37342 14 37597 16 37853 16 38109 17 38366 16 38623 15 38881 12 39142 4
1747f62148a919c8feb6d607faeebdf504b5e2ad42b6b1710b1189c37ebcdb2c,38653 2 38909 3 39165 3 39421 2 39678 1
17b9bf4356db24967c4677b8376ac38f826de73a88b93a8d73a8b452e399cdff,261 6 271 5 304 74 384 7 392 21 503 6 515 252 770 253 1026 254 1283 253 1539 253 1794 254 2051 182 2234 70 2306 156 2469 18 2493 67 2563 134 2706 8 2732 9 2807 8 2819 135 2962 8 2988 11 3063 8 3075 136 3216 10 3245 11 3319 8 3331 151 3502 14 3575 8 3587 151 3760 13 3831 8 3843 151 4018 11 4087 8 4099 151 4276 9 4343 8 4355 152 4534 6 4599 8 4611 152 4855 8 4867 153 5111 8 5123 153 5367 8 5379 154 5623 8 5635 155 5879 8 5891 155 6135 8 6147 155 6391 8 6403 155 6647 8 6659 155 6903 8 6915 154 7159 8 7171 153 7415 8 7427 152 7671 8 7683 150 7927 8 7939 149 8183 8 8195 148 8439 8 8451 147 8695 8 8707 146 8951 8 8963 145 9207 8 9219 144 9463 8 9475 143 9719 8 9731 143 9975 8 9987 142 10231 8 10243 141 10487 8 10499 140 10743 8 10755 96 10852 42 10999 8 11011 95 11111 39 11255 8 11267 95 11368 18 11387 19 11511 8 11523 95 11627 34 11767 8 11779 95 11884 33 12023 8 12035 95 12142 31 12279 8 12291 96 12403 25 12535 8 12547 99 12660 24 12791 8 12803 101 12916 23 13047 8 13059 102 13175 20 13303 8 13315 103 13432 18 13559 8 13571 107 13689 17 13815 8 13827 109 13945 16 14071 8 14083 111 14200 16 14327 8 14339 113 14457 14 14583 8 14595 114 14713 13 14839 8 14851 131 15095 8 15107 130 15351 8 15363 129 15607 8 15618 128 15863 8 15874 125 16119 8 16130 123 16375 8 16386 64 16454 53 16631 8 16642 62 16713 48 16887 8 16898 62 16971 44 17143 8 17154 38 17196 20 17227 42 17399 8 17410 37 17453 20 17484 40 17655 8 17666 38 17710 20 17740 39 17911 8 17922 9 17933 27 17967 20 17996 38 18167 8 18178 9 18190 26 18224 23 18254 35 18423 8 18434 9 18446 26 18481 21 18510 33 18679 8 18690 9 18701 28 18738 20 18767 31 18935 8 18946 39 18994 20 19023 29 19191 8 19203 39 19251 18 19280 26 19447 8 19459 39 19507 19 19535 25 19703 8 19715 40 19763 20 19791 24 19959 8 19971 40 20020 19 20046 23 20215 8 20228 39 20276 47 20471 8 20485 39 20532 45 20727 8 20741 42 20788 43 20983 8 20998 43 21042 44 21239 8 21255 86 21495 8 21511 4 21516 40 21561 34 21751 8 21768 2 21774 37 21817 32 22007 8 22031 36 22073 29 22263 8 22288 35 22327 3 22336 18 22519 8 22532 1 22544 37 22584 1 22593 14 22776 7 22787 3 22801 36 22849 12 23032 7 23043 3 23057 35 23105 10 23288 6 23299 4 23314 34 23362 9 23544 5 23555 4 23571 32 23618 7 23802 1 23811 4 23828 31 23868 1 23873 7 24067 4 24085 30 24123 12 24323 3 24342 29 24379 11 24579 3 24599 31 24635 10 24835 3 24856 13 24873 28 25091 3 25112 11 25131 25 25347 4 25369 9 25387 25 25603 6 25626 7 25644 23 25859 7 25882 6 25900 22 26115 8 26138 6 26156 21 26371 8 26395 4 26412 20 26626 14 26651 3 26668 18 26882 17 26907 3 26924 16 27138 19 27162 7 27178 16 27394 31 27433 15 27650 31 27689 13 27907 27 27935 4 27944 12 28163 26 28192 18 28419 26 28448 16 28675 43 28931 41 29187 13 29203 23 29443 9 29460 15 29699 8 29717 13 29955 8 29973 12 30211 8 30228 12 30467 9 30481 14 30723 10 30736 14 30979 26 31235 26 31491 25 31747 25 32003 24 32259 24 32515 23 32771 23 33027 8 33037 13 33283 8 33294 11 33539 8 33550 11 33795 7 33806 11 34051 6 34063 10 34307 5 34319 9 34563 6 34575 9 34819 7 34830 10 35075 8 35085 10 35331 8 35340 11 35587 19 35843 18 36099 18 36355 17 36611 16 36866 16 37122 16 37378 15 37634 15 37890 14 38146 13 38402 11 38658 9 38914 9 39170 9 39426 9 39682 9 39938 9 40194 8 40450 7 40706 7 40962 6 41218 7 41474 7 41730 8 41986 8 42242 8 42498 8 42754 8 43010 9 43266 9 43522 9 43778 8 44034 7 44290 6 44546 5 44802 4 45058 4 45314 3 45571 1
17b9bf4356db24967c4677b8376ac38f826de73a88b93a8d73a8b452e399cdff,38941 2 39183 6 39194 8 39438 20 39694 20 39951 19 40208 17 40466 14 40723 11 40980 7 41238 2
17b9bf4356db24967c4677b8376ac38f826de73a88b93a8d73a8b452e399cdff,24656 1
17b9bf4356db24967c4677b8376ac38f826de73a88b93a8d73a8b452e399cdff,49812 8 50066 11 50321 13 50576 14 50832 13 51088 12 51345 10 51603 4
17b9bf4356db24967c4677b8376ac38f826de73a88b93a8d73a8b452e399cdff,25086 1 25341 3 25597 3 25852 4 26107 5 26362 6 26616 8 26872 8 27127 9 27383 9 27639 9 27895 9 28150 10 28405 11 28658 14 28912 16 29167 17 29421 19 29676 20 29931 21 30186 22 30442 22 30697 23 30950 26 31204 28 31458 30 31712 32 31967 33 32222 34 32477 35 32732 36 32987 37 33242 38 33497 39 33752 40 34007 41 34262 42 34516 44 34771 45 35027 45 35282 46 35538 46 35793 47 36049 47 36305 47 36561 47 36817 47 37072 48 37326 50 37578 54 37833 55 38088 56 38342 58 38595 61 38850 62 39106 62 39362 62 39618 62 39874 62 40130 62 40386 62 40641 63 40897 63 41152 64 41407 65 41662 66 41918 66 42173 67 42429 67 42685 67 42940 68 43196 68 43452 68 43708 68 43964 68 44220 68 44476 68 44732 68 44988 68 45245 67 45501 67 45758 66 46014 66 46271 65 46527 65 46783 65 47039 65 47295 10 47311 2 47314 46 47551 9 47570 46 47807 9 47828 44 48062 12 48076 1 48083 45 48317 67 48571 69 48826 70 49081 71 49336 72 49591 73 49847 73 50102 74 50358 74 50613 75 50869 75 51124 76 51380 76 51636 76 51892 76 52147 77 52403 77 52659 77 52915 77 53171 77 53427 77 53683 77 53938 78 54194 78 54450 78 54705 79 54961 79 55217 79 55472 7 55481 2 55487 65 55726 9 55743 65 55981 9 55999 65 56237 10 56254 66 56493 11 56509 67 56749 83 57005 83 57260 84 57516 84 57771 85 58027 85 58283 85 58540 84 58796 84 59053 83 59310 82 59567 81 59823 81 60080 80 60338 78 60595 77 60852 76 61108 76 61363 5 61369 71 61619 5 61631 65 61865 7 61875 6 61889 63 62119 17 62146 62 62374 17 62401 63 62628 20 62658 62 62883 23 62914 62 63138 94 63393 95 63648 96 63904 96 64159 97 64413 99 64669 99 64924 99 65182 11 65199 53 65257 10 65273 4
1879f4f4f05e2bada0ffeb46c128b8df7a79b14c84f38c3e216a69653495153b,13930 4 14186 5 14443 4
1879f4f4f05e2bada0ffeb46c128b8df7a79b14c84f38c3e216a69653495153b,12923 2 13179 2
1879f4f4f05e2bada0ffeb46c128b8df7a79b14c84f38c3e216a69653495153b,31161 4 31412 18 31668 19 31924 20 32181 20 32437 9 32450 8 32694 7 32708 7 32950 6 32964 7 33221 7 33478 6 33734 7 33991 7 34247 7 34504 6 34760 6 35017 5 35273 4
1879f4f4f05e2bada0ffeb46c128b8df7a79b14c84f38c3e216a69653495153b,35765 2 36020 4 36276 5 36532 5 36789 4
191b2b2205f2f5cc9da04702c5d422bc249faf8bca1107af792da63cccfba829,37662 4 37916 7 38171 9 38427 9 38682 10 38938 11 39194 11 39450 11 39706 11 39962 11 40218 11 40474 10 40730 10 40987 9 41243 8 41500 7 41756 6 42014 2
191b2b2205f2f5cc9da04702c5d422bc249faf8bca1107af792da63cccfba829,55375 7 55630 9 55885 11 56140 12 56395 13 56650 14 56905 15 57161 15 57416 16 57672 16 57928 15 58184 15 58440 14 58696 13 58952 12 59209 10 59466 7 59725 1
191b2b2205f2f5cc9da04702c5d422bc249faf8bca1107af792da63cccfba829,40532 4 40787 6 41042 8 41298 8 41553 9 41809 9 42065 9 42321 9 42577 8 42833 7 43089 7 43345 6 43603 2
191b2b2205f2f5cc9da04702c5d422bc249faf8bca1107af792da63cccfba829,21613 2 21868 4 22123 6 22379 6 22634 7 22890 7 23146 7 23401 8 23657 7 23913 7 24169 6 24425 6 24681 5 24939 1
191b2b2205f2f5cc9da04702c5d422bc249faf8bca1107af792da63cccfba829,49299 3 49553 6 49808 8 50063 9 50319 9 50574 10 50830 10 51086 9 51342 9 51599 7 51855 7 52111 6 52368 4
191b2b2205f2f5cc9da04702c5d422bc249faf8bca1107af792da63cccfba829,13763 5 14018 7 14273 8 14529 8 14785 9 15041 9 15297 9 15553 9 15809 9 16065 8 16321 8 16578 6 16836 2
191b2b2205f2f5cc9da04702c5d422bc249faf8bca1107af792da63cccfba829,45024 6 45278 9 45533 10 45788 11 46043 12 46298 13 46554 13 46809 14 47065 14 47321 13 47577 12 47833 11 48089 10 48346 8 48604 4
191b2b2205f2f5cc9da04702c5d422bc249faf8bca1107af792da63cccfba829,29427 4 29682 6 29937 8 30193 8 30449 8 30705 8 30961 8 31217 8 31473 8 31729 8 31985 7 32242 6 32499 4
